vviss,smhi,km,lat,lon,ruta_lat,ruta_lon
1019,64130,3.48,56.18801,14.90455,56.18649,14.89658
1019100,64130,3.48,56.18794,14.90454,56.18649,14.89658
1111,64030,4.18,56.0239,14.10275,56.02222,14.09799
1114,63160,2.3,56.25934,13.94019,56.26216,13.94712
1203,52350,1.66,55.55881,13.08482,55.56324,13.08348
1209,53430,2.77,55.71807,13.2242,55.71720,13.21800
1215,53530,1.72,55.85583,13.64239,55.85695,13.64073
1307,72080,4.22,57.07145,12.28902,57.06757,12.29266
1323,63590,2.97,56.92288,13.06551,56.92150,13.05839
1430,72420,4.77,57.6707,12.37147,57.66982,12.37929
1440,16,1.62,57.69788,11.92694,57.69490,11.92442
1552,92130,3.34,59.19603,12.10703,59.19809,12.09959
1552100,92130,3.33,59.19609,12.10688,59.19809,12.09959
1559,73470,3.66,57.81732,13.34506,57.82138,13.34388
1602,83190,3.44,58.29612,13.07089,58.29240,13.06485
1602100,83190,3.38,58.29577,13.0677,58.29240,13.06485
1603,83270,1.48,58.40419,13.46248,58.40574,13.46920
1610,84520,4.39,58.89297,14.31777,58.88873,14.31519
1723,94390,2.91,59.68604,14.19634,59.68683,14.19160
1809,95130,2.65,59.2435,15.0086,59.24056,15.00979
1809100,95130,2.65,59.24345,15.00863,59.24056,15.00979
1913,96550,4.97,59.86078,16.63289,59.85852,16.63758
1917,106160,3.18,60.24063,16.95893,60.24030,16.96496
1923,96350,4.31,59.62021,16.66186,59.62467,16.66133
1923100,96350,4.31,59.62016,16.66183,59.61570,16.66087
203,97120,3.4,59.18437,17.64272,59.18591,17.63834
206,97120,2.57,59.19915,17.66354,59.20348,17.65729
206100,97120,2.53,59.19916,17.66268,59.20348,17.65729
209,97100,3.51,59.20973,17.91823,59.20661,17.92073
2101,106160,4.36,60.29538,16.91662,60.29499,16.91393
2112,117440,1.13,61.70624,17.07296,61.70425,17.07838
2140,117440,4.36,61.68189,17.03914,61.67787,17.03866
222,98230,4.8,59.38437,18.04221,59.38342,18.04238
2221,127310,1.09,62.51646,17.45301,62.51697,17.44732
222100,98230,4.78,59.38418,18.04218,59.38342,18.04238
2221100,127310,1.1,62.51641,17.4529,62.51697,17.44732
227,97400,3.9,59.64336,17.89332,59.64762,17.88927
2341,124300,4.58,62.47962,14.07164,62.48143,14.07658
2355,133050,3.07,63.09901,13.78964,63.09995,13.79850
2358,132170,4.27,63.3178,12.08744,63.31820,12.08615
236,98230,4.73,59.30288,18.02088,59.30315,18.01733
237,98230,2.49,59.34099,18.01109,59.33944,18.00305
2423,148040,0.8,64.07201,18.37734,64.07323,18.38575
243,98230,3.58,59.36857,18.01997,59.36591,18.02312
2432,159770,3.66,65.24462,19.70408,65.24499,19.69441
2444,151380,4.1,64.65151,21.13018,64.65243,21.13140
2445,147560,2.97,65.02058,17.64195,65.02402,17.65200
251,98230,3.28,59.35688,18.10454,59.35481,18.11024
251100,98230,3.29,59.35698,18.1046,59.35481,18.11024
2518,188850,4.26,68.42948,18.26902,68.42559,18.27654
2519,188850,2.52,68.43262,18.11643,68.42870,18.10636
2533,179960,0.87,67.86012,19.02747,67.86243,19.03371
2534,178860,3.98,67.4741,18.36681,67.47321,18.36053
2545,170930,4.44,66.76056,21.02237,66.75885,21.02465
2546,192840,3.35,68.43015,22.5191,68.42869,22.52844
2558,173810,1.24,66.39659,23.6244,66.39664,23.62493
2561,181900,2.7,67.66733,21.67568,67.67102,21.67688
2580,180940,3.79,67.85654,20.29367,67.85483,20.29541
426,87400,4.43,58.69095,17.04798,58.69429,17.04679
523,86420,1.87,58.67749,16.28378,58.67762,16.28640
614,74460,4.48,57.75756,13.99871,57.75695,14.00194
651,74460,2.12,57.75742,14.10719,57.75774,14.10266
651100,74460,2.11,57.75738,14.10714,57.75774,14.10266
653,74460,2.52,57.75093,14.11573,57.74891,14.11968
653100,74460,2.53,57.75071,14.11584,57.74891,14.11968
7101,62040,2.55,56.02482,12.72302,56.02109,12.72328
717,64320,3.66,56.54841,14.95516,56.54401,14.96040
7501,107420,3.66,60.68384,17.14719,60.68701,17.13977
822,76160,4.09,57.29351,16.45862,57.29556,16.45069
827,75250,4.55,57.42323,15.82524,57.42688,15.82416
