station_id,lat,lon,h,v,rad,kol,natter,medelavvikelse_k,spridning_k
1001,56.23595,15.92265,18,3,451,1061,230,0.306,0.501
1004,56.21324,15.58156,18,3,454,1039,153,-0.115,0.719
1005,56.22175,15.21282,18,3,453,1014,196,0.621,0.555
1005100,56.22176,15.21276,18,3,453,1014,196,0.621,0.555
1007,56.40534,15.07646,18,3,431,1001,204,-0.858,0.718
1012,56.2582,14.52867,18,3,449,968,250,0.375,0.676
1017,56.39047,14.39957,18,3,433,956,216,-0.403,0.520
1018,56.06482,14.55171,18,3,472,974,140,0.058,0.727
1018100,56.06495,14.55166,18,3,472,974,140,0.058,0.727
1019,56.18801,14.90455,18,3,457,995,194,0.254,0.610
1019100,56.18794,14.90454,18,3,457,995,194,0.254,0.610
1020,56.32266,15.17377,18,3,441,1009,185,0.123,0.407
1021,56.30454,15.58133,18,3,443,1037,220,-0.101,0.508
1022,56.43346,15.3724,18,3,427,1019,200,-0.317,0.535
1023,56.17752,14.73224,18,3,458,984,156,-0.434,0.798
1024,56.13741,15.74281,18,3,463,1052,53,1.666,1.860
1024100,56.13783,15.74366,18,3,463,1052,53,1.666,1.860
1026,56.21701,15.11305,18,3,453,1008,211,-0.297,0.606
1101,56.13423,13.3512,18,3,463,892,213,-0.916,0.888
1103,56.40401,12.94354,18,3,431,859,187,0.091,0.844
1104,56.43987,12.95447,18,3,427,859,164,0.093,1.159
1106,56.18141,13.02323,18,3,458,869,195,-0.240,0.895
1106100,56.1814,13.02332,18,3,458,869,195,-0.240,0.895
1111,56.0239,14.10275,18,3,477,945,201,-0.359,0.800
1112,56.31459,13.68793,18,3,442,911,231,-0.197,0.606
1113,56.08563,13.76364,18,3,469,921,231,0.294,0.660
1114,56.25934,13.94019,18,3,448,929,267,-0.003,0.628
1115,56.50001,14.12254,18,3,419,935,236,-0.532,0.653
1117,55.72301,14.0933,18,3,513,952,211,0.125,0.586
1118,55.9565,13.92695,18,3,485,935,228,-0.298,0.751
1121,55.63866,14.22989,18,3,523,963,187,0.486,0.760
1122,55.49531,14.12036,18,3,540,959,211,0.031,0.443
1123,56.22857,13.1499,18,3,452,877,217,0.300,0.626
1125,56.38603,13.51021,18,3,433,897,246,-0.059,0.602
1126,56.36816,14.24952,18,3,435,947,261,-0.437,0.708
1127,55.91338,14.26996,18,3,490,959,94,-0.758,0.958
1128,56.18254,12.8927,18,3,458,861,218,0.024,0.725
1129,56.18188,14.32617,18,3,458,956,248,-0.331,0.719
1130,55.4479,14.25555,18,3,546,970,0,,
1131,56.43083,13.87537,18,3,428,920,224,-0.123,0.493
1132,55.92576,13.82772,18,3,488,929,202,-0.686,0.675
1139,56.22063,13.56001,18,3,453,904,198,-0.290,0.608
1144,56.4337,12.7222,18,3,427,844,160,0.463,0.736
1146,56.22339,14.07317,18,3,453,938,211,-0.095,0.616
1200,55.65469,13.40638,18,3,521,907,209,-0.157,0.664
1202,55.33904,13.35538,18,3,559,911,18,0.444,1.216
1203,55.55881,13.08482,18,3,532,888,230,0.019,0.546
1204,55.50842,13.32586,18,3,538,905,274,0.088,0.591
1206,55.47412,13.66835,18,3,543,929,234,-0.091,0.650
1206100,55.47412,13.66833,18,3,543,929,234,-0.091,0.650
1207,55.56067,13.91451,18,3,532,944,226,-0.288,0.553
1209,55.71807,13.2242,18,3,513,893,115,0.622,0.882
1210,55.64147,13.10679,18,3,523,887,159,0.502,0.590
1211,55.74926,13.01544,18,3,510,879,169,0.406,0.615
1211100,55.74944,13.01509,18,3,510,879,169,0.406,0.615
1212,55.7912,13.131,18,3,505,885,239,0.140,0.512
1213,55.76772,13.3044,18,3,507,898,215,0.154,0.541
1213100,55.76808,13.30573,18,3,507,898,215,0.154,0.541
1214,55.9005,13.72786,18,3,491,923,198,-0.087,0.567
1215,55.85583,13.64239,18,3,497,918,210,-0.200,0.649
1216,55.98556,13.60991,18,3,481,913,218,0.230,0.480
1217,55.99556,13.28244,18,3,480,891,213,-0.015,0.571
1218,55.99942,12.94881,18,3,480,868,229,-0.005,0.779
1219,55.85769,12.8885,18,3,497,868,39,0.772,1.032
1220,55.93618,12.82087,18,3,487,861,108,0.308,0.800
1222,56.08747,12.78523,18,3,469,855,210,-0.165,0.687
1222100,56.08729,12.7828,18,3,469,855,210,-0.165,0.687
1224,56.18271,12.56263,18,3,458,839,25,0.450,0.898
1225,55.77952,13.67515,18,3,506,922,211,-0.437,0.769
1226,55.58467,13.50002,18,3,529,915,214,0.295,0.825
1232,55.90092,13.33155,18,3,491,896,213,-0.301,0.646
1233,55.92927,13.10841,18,3,488,881,226,-0.118,0.685
1234,55.45453,13.00702,18,3,545,885,139,0.278,0.423
1235,55.61339,13.77309,18,3,526,933,220,0.120,0.617
1237,55.39007,13.07605,18,3,553,891,75,0.299,0.702
1302,57.5506,11.96758,18,3,293,770,133,0.488,0.718
1302100,57.55022,11.96773,18,3,293,770,133,0.488,0.718
1305,57.28403,12.21556,18,3,325,792,181,-0.153,0.818
1306,57.24271,12.32142,18,3,330,800,241,-0.310,0.732
1306100,57.24188,12.32125,18,3,330,800,241,-0.310,0.732
1307,57.07145,12.28902,18,3,351,801,65,0.341,1.217
1308,57.15218,12.59042,18,3,341,819,264,0.607,0.998
1311,56.95058,12.79389,18,3,365,837,245,0.920,1.076
1314,56.72434,12.70202,18,3,393,836,96,0.202,1.046
1315,57.09672,13.37187,18,3,348,871,237,-0.633,0.736
1317,56.77581,12.95216,18,3,386,851,240,0.442,0.606
1318,56.72412,12.88275,18,3,393,848,234,-0.478,0.819
1320,56.52382,12.96606,18,3,417,858,49,1.195,1.010
1321,56.49619,13.38066,18,3,420,886,246,0.266,0.658
1322,56.38994,13.15111,18,3,433,873,207,-0.510,1.008
1323,56.92288,13.06551,18,3,369,855,211,-0.048,0.699
1327,57.02854,12.38559,18,3,356,808,164,-0.080,0.794
1328,57.45995,12.08143,18,3,304,779,124,0.086,1.082
1330,57.00116,13.44676,18,3,359,878,267,-0.491,0.823
1331,56.72066,13.32662,18,3,393,877,231,-0.703,0.737
1332,57.11995,12.93935,18,3,345,842,242,-0.365,0.557
1333,57.06879,12.65512,18,3,351,825,226,-0.734,0.656
1334,56.71937,13.14617,18,3,393,865,276,0.402,0.757
1335,56.86238,12.66302,18,3,376,830,216,0.325,0.609
1335100,56.86256,12.6628,18,3,376,830,216,0.325,0.609
1336,56.77877,12.80515,18,3,386,841,224,-0.082,0.739
1336100,56.77891,12.80505,18,3,386,841,224,-0.082,0.739
1337,56.58983,12.9848,18,3,409,857,106,0.156,0.708
1337100,56.58997,12.98461,18,3,409,857,106,0.156,0.708
1338,57.40758,11.97951,18,3,311,774,95,0.185,1.059
1339,57.38759,12.1906,18,3,313,788,192,0.573,0.796
1340,57.20089,12.24922,18,3,335,796,164,0.505,0.709
1341,57.27538,12.87792,18,3,326,835,250,-0.349,0.650
1342,56.64022,12.90382,18,3,403,851,43,0.597,1.282
1401,57.55174,12.05344,18,3,293,776,210,0.318,0.743
1402,57.86199,11.97834,18,3,256,764,178,0.366,0.587
1403,57.9791,11.84119,18,3,242,753,117,-0.540,0.793
1404,58.15282,11.97531,18,3,221,758,228,-0.177,0.790
1406,58.1912,11.68935,18,3,217,739,221,-0.064,0.710
1407,58.05927,11.78093,18,3,232,747,0,,
1413,57.74009,12.13453,18,3,271,777,233,-0.416,0.731
1414,57.67407,12.06925,18,3,279,774,314,0.556,0.982
1417,57.79282,11.89231,18,3,264,760,195,-0.847,1.009
1418,57.69677,12.3929,18,3,276,794,242,-0.730,0.963
1421,57.79973,11.99854,18,3,264,767,155,-0.009,0.668
1422,58.41295,11.27981,18,3,190,708,118,1.118,0.959
1424,58.31182,11.48181,18,3,202,723,91,0.349,0.813
1425,58.11465,11.87924,18,3,226,752,122,0.218,0.686
1426,58.15973,11.49825,18,3,220,727,136,0.332,0.675
1427,58.01463,11.68119,18,3,238,742,124,-0.305,0.626
1428,58.80433,11.59826,18,3,143,720,296,0.383,0.701
1428100,58.80433,11.59824,18,3,143,720,296,0.383,0.701
1429,58.2789,11.88375,18,3,206,749,106,0.149,0.685
1430,57.6707,12.37147,18,3,279,793,251,-0.389,0.719
1431,58.32756,11.83904,18,3,200,745,52,0.098,1.286
1431100,58.32777,11.83942,18,3,200,745,52,0.098,1.286
1432,58.29175,11.56399,18,3,204,729,117,0.403,0.952
1433,57.65095,12.02085,18,3,281,771,10,-0.161,0.940
1436,59.02018,11.23927,18,3,117,694,242,0.502,0.688
1436100,59.02022,11.23924,18,3,117,694,242,0.502,0.688
1437,58.5647,11.47645,18,3,172,718,230,-0.228,0.590
1437100,58.56469,11.47654,18,3,172,718,230,-0.228,0.590
1438,58.33095,12.07677,18,3,200,760,168,-0.726,0.806
1439,59.09292,11.25226,18,3,108,693,119,1.362,0.790
1440,57.69788,11.92694,18,3,276,764,10,1.806,0.838
1441,58.8764,11.27528,18,3,134,699,229,-0.050,0.709
1442,57.64602,11.94128,18,3,282,766,4,0.692,0.367
1443,58.45711,11.66164,18,3,185,732,187,-0.073,0.615
1501,57.38772,13.4718,18,3,313,871,231,0.088,0.974
1502,57.60835,13.14119,18,3,286,844,253,-0.489,0.884
1502100,57.60843,13.14093,18,3,286,844,253,-0.489,0.884
1503,57.50803,12.59233,18,3,299,811,250,-0.143,0.675
1504,57.58524,12.47049,18,3,289,802,255,-0.593,0.896
1506,57.66438,12.54185,18,3,280,805,223,-1.287,0.995
1506100,57.66438,12.54188,18,3,280,805,223,-1.287,0.995
1507,57.67733,12.69623,18,3,278,814,243,-0.661,0.762
1508,57.71248,12.8853,18,3,274,825,241,-0.432,0.785
1509,57.757,12.84788,18,3,269,822,214,-0.153,0.775
1512,57.80146,13.50452,18,3,263,863,198,-0.176,0.716
1513,57.77605,13.67684,18,3,266,875,193,0.409,0.935
1514,57.74217,12.19413,18,3,270,781,246,-0.096,0.742
1515,57.88645,12.32818,18,3,253,786,280,0.413,0.867
1516,57.83962,12.45101,18,3,259,795,377,1.059,1.581
1520,57.82452,12.01358,18,3,261,767,223,-0.172,0.571
1522,57.96451,12.13222,18,3,244,772,193,-0.468,0.774
1523,58.19976,12.15405,18,3,216,768,187,-0.285,0.826
1523100,58.1997,12.15406,18,3,216,768,187,-0.285,0.826
1524,58.23814,12.2356,18,3,211,772,210,-0.335,0.877
1527,58.36418,12.47896,18,3,196,785,217,-0.278,1.278
1529,58.44641,12.27987,18,3,186,771,246,-1.162,1.382
1530,58.60068,12.41298,18,3,167,776,227,-1.782,1.792
1530100,58.60033,12.41303,18,3,167,776,227,-1.782,1.792
1531,58.78001,12.50682,18,3,146,777,391,-0.382,1.529
1531100,58.78002,12.50679,18,3,146,777,391,-0.382,1.529
1532,59.05306,12.67693,18,3,113,782,245,-1.758,1.514
1534,58.50847,11.99112,18,3,178,751,274,0.644,1.142
1534100,58.50898,11.99049,18,3,178,751,274,0.644,1.142
1536,58.87572,11.86621,18,3,134,736,212,-0.335,0.742
1537,59.05335,12.48993,18,3,113,770,358,-0.316,1.084
1539,58.30369,12.52558,18,3,203,789,192,0.005,0.857
1540,57.9411,12.84793,18,3,247,818,237,-0.171,0.624
1541,57.48908,12.96634,18,3,301,836,218,-0.571,0.753
1542,57.94644,13.19335,18,3,246,840,257,-0.298,0.703
1543,57.41912,13.02697,18,3,309,841,255,0.185,0.873
1544,57.95454,13.51947,18,3,245,860,207,-0.423,0.694
1545,57.67339,13.43095,18,3,279,861,268,-0.095,0.887
1546,57.37576,12.81466,18,3,314,829,291,-0.366,0.731
1548,58.58064,12.01967,18,3,170,751,228,-0.917,0.841
1548100,58.58065,12.0197,18,3,170,751,228,-0.917,0.841
1552,59.19603,12.10703,18,3,96,744,395,-0.463,1.066
1552100,59.19609,12.10688,18,3,96,743,391,-0.229,1.073
1553,58.7872,12.18171,18,3,145,757,200,-1.410,1.384
1554,57.90569,12.55323,18,3,251,800,295,0.259,0.953
1555,57.51286,12.74234,18,3,298,821,233,-0.313,0.736
1556,58.13707,12.44534,18,3,223,788,232,-0.201,0.709
1558,57.74338,13.06149,18,3,270,836,214,-0.025,0.734
1559,57.81732,13.34506,18,3,261,852,270,0.229,0.727
1560,57.35535,12.46181,18,3,317,806,237,0.093,0.588
1602,58.29612,13.07089,18,3,204,824,229,-0.173,0.710
1602100,58.29577,13.0677,18,3,204,824,229,-0.173,0.710
1603,58.40419,13.46248,18,3,191,846,226,-0.509,0.600
1604,58.31912,12.79072,18,3,201,806,228,-0.846,0.876
1604100,58.31918,12.79073,18,3,201,806,228,-0.846,0.876
1605,58.42964,12.8908,18,3,188,809,229,-1.047,1.472
1606,58.44701,13.24527,18,3,186,831,232,-0.839,0.898
1607,58.55244,13.80851,18,3,173,864,243,-0.850,1.027
1608,58.60894,13.64841,18,3,166,853,227,-1.092,1.532
1609,58.80486,14.09947,18,3,143,876,224,-1.782,1.483
1609100,58.80494,14.09895,18,3,143,876,224,-1.782,1.483
1610,58.89297,14.31777,18,3,132,887,200,-0.319,1.018
1612,58.46764,14.30406,18,3,183,897,240,-0.183,2.181
1612100,58.46761,14.304,18,3,183,897,240,-0.183,2.181
1614,58.01682,14.1445,18,3,237,899,260,-1.215,1.532
1615,58.03624,13.83507,18,3,235,878,206,-1.089,1.010
1616,58.07955,13.78451,18,3,230,874,210,-0.534,0.805
1617,58.1579,13.5819,18,3,221,859,182,-0.244,0.809
1618,58.29451,13.79436,18,3,204,869,188,-0.194,0.765
1619,58.30824,13.46387,18,3,203,848,222,0.621,0.796
1620,58.16376,13.45325,18,3,220,851,178,-0.414,0.807
1620100,58.16364,13.4534,18,3,220,851,178,-0.414,0.807
1622,58.38795,13.74892,18,3,193,864,172,-0.027,0.757
1623,58.34589,14.12302,18,3,198,889,210,-1.689,1.596
1623100,58.34579,14.12331,18,3,198,889,210,-1.689,1.596
1627,58.39416,13.63035,18,3,192,857,130,0.037,0.860
1628,58.51089,13.40779,18,3,178,840,220,-1.432,1.329
1629,58.61324,14.01107,18,3,166,875,220,-0.788,0.843
1630,58.98836,14.09442,18,3,121,871,245,-1.991,1.931
1630100,58.98877,14.09601,18,3,121,871,245,-1.991,1.931
1631,58.68268,14.33808,18,3,158,894,215,0.390,1.332
1633,58.56907,13.11978,18,3,171,820,248,-2.305,2.091
1634,58.06277,13.97871,18,3,232,887,199,-1.672,1.567
1635,58.78122,13.84679,18,3,146,861,293,-0.782,1.448
1635100,58.7808,13.8491,18,3,146,861,293,-0.782,1.448
1636,58.14418,12.86425,18,3,222,814,233,-0.357,0.687
1701,59.37442,13.98515,18,3,75,854,239,-1.846,1.699
1702,59.39096,13.26903,18,3,73,810,216,-1.624,1.551
1702100,59.39091,13.26916,18,3,73,810,216,-1.624,1.551
1703,59.25535,12.99542,18,3,89,797,264,-1.304,1.330
1704,59.28568,12.46399,18,3,85,763,305,-0.778,0.912
1704100,59.28575,12.46385,18,3,85,763,305,-0.778,0.912
1707,59.6105,13.80741,18,3,46,838,271,-0.117,0.746
1707100,59.61059,13.80746,18,3,46,838,271,-0.117,0.746
1708,59.54196,13.46294,18,3,54,818,264,0.044,1.027
1709,59.6663,12.90176,18,3,40,781,282,-0.933,1.007
1710,59.90514,13.56298,18,3,11,816,223,0.384,1.013
1710100,59.90513,13.56296,18,3,11,816,223,0.384,1.013
1712,59.30978,14.29202,18,3,82,875,265,-0.227,1.302
1713,59.6851,14.07169,18,3,37,852,284,-0.037,0.801
1713100,59.68498,14.07109,18,3,37,852,284,-0.037,0.801
1714,60.11296,14.17572,18,2,1186,847,304,0.173,0.931
1715,60.35375,13.17176,18,2,1157,781,285,-0.970,1.039
1716,59.91077,12.27461,18,3,10,738,251,-0.472,0.900
1717,60.02018,12.62267,18,2,1197,756,297,-0.348,0.694
1719,61.02176,12.50797,18,2,1077,727,328,0.338,1.449
1720,60.42345,13.25744,18,2,1149,785,265,0.313,1.139
1721,60.75702,12.77232,18,2,1109,748,258,-0.002,1.296
1722,59.19912,14.18282,18,3,96,871,213,-1.983,1.764
1723,59.68604,14.19634,18,3,37,859,361,0.246,1.180
1724,60.02189,13.9089,18,2,1197,833,289,-0.615,1.032
1725,60.20662,13.25258,18,2,1175,790,297,0.236,0.694
1726,60.3851,12.6148,18,2,1153,748,286,-0.007,1.617
1727,59.99261,13.0968,18,3,0,785,210,0.757,1.060
1727100,59.99269,13.0966,18,3,0,785,210,0.757,1.060
1728,59.57759,12.23626,18,3,50,743,284,-0.480,1.111
1729,59.86734,13.40264,18,3,15,807,271,0.115,0.762
1730,59.40579,12.78825,18,3,71,781,263,0.455,1.089
1731,59.39983,13.59619,18,3,72,830,290,-1.585,1.825
1732,60.28845,13.39538,18,2,1165,796,270,1.107,0.964
1732100,60.28843,13.39536,18,2,1165,796,270,1.107,0.964
1733,59.3878,12.17169,18,3,73,743,332,-0.722,1.014
1733100,59.38785,12.17196,18,3,73,743,332,-0.722,1.014
1734,59.44107,14.23533,18,3,67,868,317,-0.444,1.139
1735,59.81202,13.70538,18,3,22,826,303,-0.233,0.762
1736,60.20856,12.60872,18,2,1174,751,272,-0.270,0.772
1737,60.65446,12.70407,18,2,1121,747,318,0.050,1.303
1738,59.72571,13.13367,18,3,32,794,315,-0.706,1.282
1738100,59.726,13.13351,18,3,32,794,315,-0.706,1.282
1739,59.7097,12.55393,18,3,34,759,363,0.260,1.217
1739100,59.70938,12.55664,18,3,34,760,348,-0.029,0.944
1740,60.24733,13.01138,18,2,1170,774,275,0.412,0.880
1740100,60.24761,13.01152,18,2,1170,774,275,0.412,0.880
1741,59.78517,14.3313,18,3,25,865,391,0.045,0.851
1745,59.50657,11.81582,18,3,59,719,219,-0.662,1.140
1802,58.83945,14.92733,18,3,139,926,380,-0.637,1.272
1802100,58.83919,14.92666,18,3,139,926,380,-0.637,1.272
1803,59.13025,15.23628,18,3,104,938,235,0.291,0.616
1804,59.46093,15.48433,18,3,64,944,246,-0.635,0.886
1804100,59.46091,15.48451,18,3,64,944,246,-0.635,0.886
1805,59.32109,14.39915,18,3,81,881,230,-0.492,0.922
1806,59.89607,15.01808,18,3,12,903,271,0.054,0.809
1807,59.23004,15.41206,18,3,92,946,250,-0.120,0.769
1808,59.19265,15.12504,18,3,96,929,235,-0.758,0.916
1809,59.2435,15.0086,18,3,90,921,220,-0.267,0.692
1809100,59.24345,15.00863,18,3,90,921,220,-0.267,0.692
1813,59.00833,14.72963,18,3,119,910,242,-0.506,0.866
1814,59.01531,15.03675,18,3,118,928,244,-0.226,0.867
1817,59.19336,14.46499,18,3,96,888,282,-1.026,1.147
1818,59.25935,14.81104,18,3,88,908,257,0.566,0.833
1819,59.4561,15.13371,18,3,65,922,256,0.737,1.014
1820,59.64346,15.13717,18,3,42,918,324,0.392,0.830
1821,58.94775,14.46917,18,3,126,895,250,-0.430,1.219
1822,58.76905,14.99338,18,3,147,932,292,0.747,1.384
1823,58.86538,15.41173,18,3,136,956,256,-0.505,1.001
1825,59.76081,15.47218,18,3,28,935,279,0.099,0.719
1826,60.02542,14.97861,18,2,1196,898,283,0.385,0.888
1827,59.81675,14.65541,18,3,21,884,268,-0.351,0.969
1828,59.42773,14.71316,18,3,68,898,324,-0.017,0.821
1829,59.60277,14.65981,18,3,47,890,357,-0.102,0.958
1830,59.31758,14.59621,18,3,81,893,223,0.492,1.408
1901,59.40687,15.98738,18,3,71,976,232,-0.072,0.892
1903,59.48335,16.30543,18,3,61,993,117,0.245,1.004
1904,59.55642,16.05002,18,3,53,975,238,-0.269,0.756
1905,59.63191,16.19885,18,3,44,982,243,0.271,0.610
1908,59.671,15.77119,18,3,39,955,307,-0.108,0.655
1909,59.71932,16.23854,18,3,33,982,279,-0.011,0.633
1910,59.77214,16.56223,18,3,27,1000,230,-0.052,0.729
1911,59.84512,15.57859,18,3,18,939,334,0.288,1.005
1912,59.91839,15.95162,18,3,9,959,230,0.881,1.657
1912100,59.91844,15.95172,18,3,9,959,230,0.881,1.657
1913,59.86078,16.63289,18,3,16,1002,234,-0.472,1.069
1915,60.06724,15.91547,18,2,1191,952,257,-0.135,0.826
1916,60.02016,16.36495,18,2,1197,981,294,0.042,0.700
1916100,60.02005,16.36452,18,2,1197,981,294,0.042,0.700
1917,60.24063,16.95893,18,2,1171,1010,286,-0.401,0.775
1918,60.14499,17.20328,18,2,1182,1027,281,-0.712,0.735
1921,59.38135,15.65741,18,3,74,956,236,-0.476,0.934
1922,59.93722,16.82582,18,3,7,1011,230,-0.126,0.608
1923,59.62021,16.66186,18,3,45,1011,251,0.028,0.819
1923100,59.62016,16.66183,18,3,45,1011,251,0.028,0.819
1924,59.61718,16.51121,18,3,45,1002,6,0.962,0.547
1924100,59.61865,16.51541,18,3,45,1002,6,0.962,0.547
1925,59.41764,16.17169,18,3,69,987,101,-0.180,0.935
2001,60.38464,15.6589,18,2,1153,928,324,0.002,0.861
2003,60.25084,16.35921,18,2,1169,974,297,0.108,0.703
2004,60.56871,15.97345,18,2,1131,941,349,-0.460,0.879
2005,60.54666,15.56767,18,2,1134,918,338,-0.593,1.037
2006,60.82718,15.06947,18,2,1100,881,267,0.401,1.029
2007,61.3877,14.79805,18,2,1033,850,291,-0.823,1.435
2009,60.51606,13.49569,18,2,1138,797,319,-0.231,1.289
201,59.24745,17.84313,18,3,90,1094,91,0.137,1.126
2010,60.50087,13.95575,18,2,1139,824,283,-0.900,1.496
2011,60.12292,15.12289,18,2,1185,903,317,-0.026,0.969
2012,60.329,15.3182,18,2,1160,909,325,0.286,0.965
2015,61.15832,13.11398,18,2,1061,759,248,-0.203,2.199
2016,60.92175,14.83506,18,2,1089,865,277,0.208,1.117
202,59.05332,17.44746,18,3,113,1076,260,-0.362,0.555
2020,61.10679,14.28152,18,2,1067,828,343,1.022,1.984
2021,61.41966,13.47749,18,2,1029,773,330,0.303,1.211
2025,60.53019,15.31488,18,2,1136,904,296,0.268,0.887
2026,60.32658,14.19978,18,2,1160,843,312,0.106,0.968
2027,60.79871,13.43257,18,2,1104,786,303,-1.038,1.499
2028,61.07876,13.61997,18,2,1070,790,303,0.556,1.163
2029,60.46694,14.67408,18,2,1143,867,287,-0.617,1.077
203,59.18437,17.64272,18,3,97,1084,14,0.822,1.080
2030,60.71369,15.46065,18,2,1114,907,356,0.439,1.246
2031,59.99664,15.66647,18,3,0,940,298,0.482,0.937
2032,61.16663,15.13507,18,2,1060,875,285,-0.643,1.527
2033,61.84026,12.28758,18,2,979,695,175,-0.694,1.890
2035,61.49486,14.84721,18,2,1020,850,306,-1.152,1.304
2036,60.84889,16.08531,18,2,1098,940,314,0.111,0.931
2037,61.38492,13.073,18,2,1033,751,312,-0.832,2.107
2039,60.1602,14.52263,18,2,1180,867,299,-0.182,1.288
2040,61.00965,14.57236,18,2,1078,847,334,0.485,1.612
2041,60.60374,14.61004,18,2,1127,860,303,-0.990,1.243
2042,60.85978,14.33417,18,2,1096,837,323,0.224,0.970
2043,60.82338,15.25262,18,2,1101,892,318,-0.446,0.871
2044,60.24094,16.02826,18,2,1171,954,236,-0.320,1.171
2044100,60.24068,16.02833,18,2,1171,954,236,-0.320,1.171
206,59.19915,17.66354,18,3,96,1085,272,0.090,0.904
206100,59.19916,17.66268,18,3,96,1085,272,0.090,0.904
207,59.21243,17.76257,18,3,94,1091,330,-0.315,0.736
208,59.17678,17.80685,18,3,98,1094,308,0.097,0.732
209,59.20973,17.91823,18,3,94,1100,294,-0.394,0.617
210,59.09575,17.79342,18,3,108,1096,92,0.547,1.304
2101,60.29538,16.91662,18,2,1164,1005,311,0.352,0.726
2102,60.6258,16.90422,18,2,1124,995,329,0.426,0.766
2102100,60.62591,16.90414,18,2,1124,994,321,0.088,0.695
2104,61.76464,17.09528,18,2,988,970,337,-1.107,1.298
2105,60.55791,16.32031,18,2,1133,962,306,-0.232,0.797
2106,61.0053,16.98676,18,2,1079,988,349,0.223,1.833
2107,61.19249,16.77012,18,2,1056,969,260,0.894,1.333
2108,61.23234,17.03194,18,2,1052,983,371,0.959,0.955
2108100,61.23232,17.03246,18,2,1052,983,371,0.959,0.955
2111,61.61682,17.05474,18,2,1005,972,281,0.263,0.764
2112,61.70624,17.07296,18,2,995,971,253,-0.257,1.052
2113,61.90038,17.18516,18,2,971,971,354,0.099,1.001
2114,61.97238,17.24117,18,2,963,972,361,-0.812,1.185
2115,62.0778,17.27754,18,2,950,970,323,0.197,0.958
2116,61.75801,16.78866,18,2,989,953,325,0.301,0.916
2117,61.13231,16.17699,18,2,1064,937,349,-1.082,1.274
2118,61.81609,16.19347,18,2,982,917,337,-1.425,1.594
2119,61.79915,15.81385,18,2,984,896,298,-1.902,2.046
2120,61.75329,16.16065,18,2,989,917,339,-1.472,2.165
2121,61.57569,16.31745,18,2,1010,932,207,-0.651,1.679
2122,61.3508,16.51295,18,2,1037,950,328,0.209,0.913
2123,60.89522,17.02963,18,2,1092,994,276,0.868,0.925
2125,61.33549,15.54248,18,2,1039,894,313,-0.218,1.173
2126,61.69752,14.73568,18,2,996,838,342,0.615,1.077
2127,61.85417,15.2103,18,2,977,860,329,0.404,1.457
2128,62.26322,15.67114,18,2,928,875,333,-0.803,1.317
2129,62.07392,16.56565,18,2,951,930,341,-0.231,0.842
2130,60.76107,16.74834,18,2,1108,981,353,-0.118,0.975
2131,60.50476,17.30748,18,2,1139,1022,296,0.173,0.581
2132,60.74456,17.08122,18,2,1110,1001,335,0.655,0.737
2134,61.81902,16.02407,18,2,981,908,316,-0.776,1.661
2135,60.57883,16.53741,18,2,1130,974,316,-0.636,0.873
2135100,60.57876,16.53743,18,2,1130,974,316,-0.636,0.873
2136,61.33787,16.03359,18,2,1039,922,323,0.122,0.877
2137,61.51511,16.98209,18,2,1018,971,365,0.583,0.987
2138,60.67351,17.09141,18,2,1119,1004,312,-0.134,0.738
2139,61.07116,15.7963,18,2,1071,916,339,0.153,0.893
214,59.14079,18.39315,18,3,103,1132,34,0.242,0.599
2140,61.68189,17.03914,18,2,998,969,294,0.424,1.073
2141,61.98233,15.3148,18,2,962,863,347,-0.360,1.170
215,59.23986,18.12075,18,3,91,1112,308,0.083,0.709
215100,59.24056,18.12015,18,3,91,1112,308,0.083,0.709
216,59.25792,18.16655,18,3,89,1114,328,0.180,0.814
216100,59.25785,18.16699,18,3,89,1114,328,0.180,0.814
218,59.32924,18.31442,18,3,80,1121,90,0.181,0.608
218100,59.32886,18.31182,18,3,80,1120,83,-0.088,0.541
219,59.4285,18.22338,18,3,68,1112,191,0.740,0.788
220,59.4958,18.22075,18,3,60,1109,234,-0.200,0.636
2201,62.19534,17.36961,18,2,936,972,355,0.307,0.852
2202,62.43064,17.34482,18,2,908,963,242,0.418,0.892
2204,62.56162,17.70954,18,2,892,979,362,-0.002,0.867
2207,63.01178,18.29064,18,2,838,996,0,,
2208,63.11516,18.38751,18,2,826,997,343,1.202,1.246
221,59.57512,18.64384,18,3,50,1132,65,-0.204,0.665
2210,63.34339,19.11791,18,2,798,1029,224,0.637,0.727
2212,62.37616,16.87648,18,2,914,939,357,0.511,1.203
2213,62.36276,17.04746,18,2,916,948,332,-0.269,1.076
2214,62.55283,17.12191,18,2,893,947,249,-0.650,1.659
2214100,62.55289,17.12206,18,2,893,947,249,-0.650,1.659
2216,62.47091,17.3137,18,2,903,960,155,0.143,0.833
2216100,62.4709,17.31354,18,2,903,960,155,0.143,0.833
2217,63.17608,18.43926,18,2,818,998,377,0.438,1.226
2218,63.2954,18.67241,18,2,804,1006,284,-0.110,1.502
2218100,63.29515,18.67223,18,2,804,1006,284,-0.110,1.502
2219,63.03237,17.6701,18,2,836,961,330,0.183,1.226
222,59.38437,18.04221,18,3,73,1102,88,0.986,0.846
2220,63.48617,16.86308,18,2,781,903,357,-0.327,1.563
2221,62.51646,17.45301,18,2,898,966,69,-0.735,1.768
222100,59.38418,18.04218,18,3,73,1102,88,0.986,0.846
2221100,62.51641,17.4529,18,2,898,966,69,-0.735,1.768
2222,62.76284,16.73914,18,2,868,919,317,0.747,1.096
2223,63.27099,17.97234,18,2,807,970,350,0.422,0.991
2224,63.88879,17.21393,18,2,733,909,223,-0.327,2.517
2225,62.48681,15.48949,18,2,901,858,304,0.088,1.117
2226,62.55525,15.85131,18,2,893,876,328,-0.847,1.761
2227,63.11954,17.0136,18,2,825,923,320,-0.402,1.484
2228,62.9353,17.23215,18,2,847,940,336,-1.530,1.735
2229,63.77018,17.68126,18,2,747,937,370,1.187,1.591
223,59.48921,18.16462,18,3,61,1106,230,0.949,1.525
2230,63.59451,16.17365,18,2,768,863,387,0.601,1.182
2231,63.28752,16.7094,18,2,805,901,328,-0.139,1.169
2233,63.15141,17.69184,18,2,821,958,332,-1.575,2.343
2234,63.59045,19.01686,18,2,769,1015,382,0.287,0.832
2235,62.79775,17.93824,18,2,864,984,0,,
2237,62.68591,17.84698,18,2,877,982,207,-0.090,0.859
2238,62.9271,18.0975,18,2,848,988,357,-0.953,1.634
2239,63.41774,18.2542,18,2,789,980,344,-0.263,1.033
224,59.65588,18.34007,18,3,41,1111,251,-0.268,0.640
2240,63.32863,19.05551,18,2,800,1026,297,0.381,0.882
2241,62.4734,16.36673,18,2,903,907,287,-0.825,1.922
2242,62.87643,18.44596,18,2,854,1009,0,,
2243,63.44002,16.87831,18,2,787,905,348,0.020,0.949
2244,62.38865,17.34096,18,2,913,964,0,,
2245,62.27648,17.34481,18,2,926,968,314,0.632,1.029
2246,62.42945,14.99271,18,2,908,832,328,-1.161,2.800
2251,63.09903,17.51769,18,2,828,951,319,1.065,1.097
226,59.47614,17.91777,18,3,62,1092,331,-0.396,0.938
227,59.64336,17.89332,18,3,42,1085,202,-0.867,0.975
229,59.74758,18.0469,18,3,30,1091,219,-0.591,0.913
230,59.71923,18.93107,18,3,33,1145,54,0.358,0.733
231,59.62774,17.74555,18,3,44,1076,337,0.187,1.052
231100,59.62757,17.74203,18,3,44,1076,337,0.187,1.052
2312,63.26783,12.38533,18,2,807,668,242,-0.770,3.090
2313,63.36647,12.7017,18,2,796,683,275,-1.375,2.317
2316,62.57038,12.23492,18,2,891,676,28,0.526,1.364
2317,63.30547,13.87663,18,2,803,748,301,-0.736,1.571
2318,63.61424,15.00113,18,2,766,800,296,0.435,1.723
2319,62.68552,15.58156,18,2,877,857,311,-0.569,1.140
232,59.40587,17.8647,18,3,71,1091,95,-0.312,0.800
2320,63.14861,15.99327,18,2,822,866,198,0.846,4.007
2321,62.72792,12.7276,18,2,872,699,13,-0.989,1.609
2322,62.17469,12.93904,18,2,939,724,23,-2.736,2.162
2323,62.51325,14.44999,18,2,898,800,301,-1.592,2.153
2324,63.74515,15.49267,18,2,750,822,315,-0.713,1.386
2325,63.01819,14.93756,18,2,837,813,344,-0.483,1.201
2327,63.26642,14.85313,18,2,808,801,302,-0.972,1.675
2328,62.98301,14.57243,18,2,842,794,307,-1.055,1.554
2329,62.68376,14.38937,18,2,877,792,314,-0.314,1.573
233,59.48371,17.76478,18,3,61,1082,352,-0.121,1.113
2331,61.99926,14.95222,18,2,960,842,330,-0.136,1.016
233100,59.48378,17.76466,18,3,61,1082,352,-0.121,1.113
2332,64.77191,14.03971,18,2,627,718,195,-0.483,1.722
2333,64.36281,14.66694,18,2,676,761,189,1.390,2.477
2334,63.04099,16.73011,18,2,835,910,328,-0.606,0.980
2335,62.1957,13.87308,18,2,936,776,293,-0.331,1.936
2336,64.0654,14.1453,18,2,712,742,159,1.162,2.137
2338,63.37374,13.16064,18,2,795,707,207,0.276,1.784
2339,64.16534,16.27726,18,2,700,851,380,-0.424,1.545
234,59.5608,17.5717,18,3,52,1068,293,0.412,0.874
2341,62.47962,14.07164,18,2,902,780,289,-0.395,1.795
2342,63.19345,15.16571,18,2,816,820,349,-0.189,1.346
2343,63.26193,13.21465,18,2,808,713,266,-0.217,1.282
2345,63.52372,12.4024,18,2,777,663,207,-0.655,1.684
2346,63.43446,15.1236,18,2,787,811,320,-0.707,1.474
2347,62.40071,12.954,18,2,911,720,296,-0.459,2.154
2348,62.25957,14.81715,18,2,928,827,298,0.905,1.220
2349,62.92543,15.67918,18,2,848,856,330,-0.811,1.209
2350,63.16598,14.72438,18,2,820,797,290,0.510,1.265
2351,63.97011,15.8574,18,2,723,835,304,-0.741,1.935
2352,63.0761,14.293,18,2,830,776,262,-0.673,1.970
2353,63.56908,13.02034,18,2,771,695,222,1.086,3.463
2354,63.66569,13.85875,18,2,760,737,296,0.054,1.599
2355,63.09901,13.78964,18,2,828,748,220,0.020,1.517
2356,63.8461,16.40409,18,2,738,867,379,-0.410,2.611
2358,63.3178,12.08744,18,2,801,651,9,0.073,1.006
2359,63.01157,16.66254,18,2,838,907,301,-0.425,1.671
236,59.30288,18.02088,18,3,83,1103,55,0.765,1.359
2365,61.8432,14.03957,18,2,978,795,315,-0.777,1.648
2366,63.85821,15.01478,18,2,737,793,301,0.169,1.463
237,59.34099,18.01109,18,3,79,1102,128,1.277,1.198
238,59.89256,18.63276,18,3,12,1121,255,-0.165,0.620
239,59.98992,18.80948,18,3,1,1128,228,0.209,0.885
240,59.3024,17.85471,18,3,83,1093,367,0.577,1.274
2401,64.8453,20.98781,18,2,618,1070,177,-1.257,1.343
2402,64.43595,21.27981,18,2,667,1101,290,-0.402,1.166
2404,63.99501,20.03746,18,2,720,1054,284,0.868,1.690
2405,64.75711,18.16868,18,2,629,929,397,0.078,1.537
2406,66.01046,15.09514,18,2,478,736,165,0.996,4.082
2407,64.89635,20.37368,18,2,612,1037,380,0.510,1.301
2408,64.80764,20.67919,18,2,623,1056,351,0.211,0.951
2409,64.27449,21.05257,18,2,687,1096,268,-1.088,1.483
241,59.27802,17.75933,18,3,86,1088,202,-0.132,0.814
2410,63.96865,20.70839,18,2,723,1090,254,-0.030,0.886
2411,63.90224,19.89699,18,2,731,1050,344,-0.306,1.704
241100,59.27791,17.75951,18,3,86,1088,202,-0.132,0.814
2412,64.04967,19.67621,18,2,714,1033,362,-1.394,1.574
2413,64.425,18.06065,18,2,668,935,366,-1.325,1.740
2414,64.73432,17.40331,18,2,631,891,349,0.420,1.870
2415,63.57175,19.44012,18,2,771,1038,82,-0.084,1.180
2416,63.71248,20.06001,18,2,754,1066,335,0.580,0.937
2418,64.49138,20.68828,18,2,661,1069,342,-0.237,0.993
2419,64.88797,20.27178,18,2,613,1032,441,-0.350,1.023
242,59.34467,18.47932,18,3,78,1130,69,0.433,1.299
2420,64.9725,19.74408,18,2,603,1002,400,0.436,0.978
2422,64.87458,16.9911,18,2,615,865,323,0.726,1.674
2423,64.07201,18.37734,18,2,711,964,391,-0.977,1.460
2424,64.43596,16.79644,18,2,667,869,353,-0.447,1.697
2425,64.68265,19.23951,18,2,638,987,357,0.327,0.986
2426,64.26622,20.22874,18,2,688,1053,336,-1.021,1.333
2427,65.48067,15.90064,18,2,542,791,265,1.097,1.977
2428,65.05477,19.05483,18,2,593,964,385,1.243,2.337
2429,65.95607,16.21224,18,2,485,792,300,0.143,2.368
243,59.36857,18.01997,18,3,75,1101,221,0.127,0.781
2430,65.52031,17.1039,18,2,537,850,384,-0.667,1.750
2431,65.42227,14.81495,18,2,549,739,21,-1.119,1.844
2432,65.24462,19.70408,18,2,570,990,404,0.987,1.335
2433,64.96776,15.37878,18,2,603,780,192,0.812,2.454
2434,64.40163,19.03595,18,2,671,986,381,0.751,0.917
2435,65.24643,18.11518,18,2,570,910,341,-0.202,1.642
2436,65.3552,16.56652,18,2,557,828,352,-0.550,2.549
2437,64.61368,19.96772,18,2,646,1027,353,-0.587,1.096
2438,64.82426,18.7966,18,2,621,959,344,-0.532,1.249
2439,64.82152,15.19118,18,2,621,775,249,-0.324,1.873
244,59.08173,17.59579,18,3,110,1084,138,-1.047,0.981
2440,63.712,20.35683,18,2,754,1081,0,,
2441,65.13633,20.6659,18,2,583,1042,382,1.461,1.896
2442,63.93495,19.31765,18,2,727,1018,347,-0.478,0.978
2443,64.31308,19.59428,18,2,682,1019,339,-0.433,1.339
2444,64.65151,21.13018,18,2,641,1085,294,0.451,0.933
2445,65.02058,17.64195,18,2,597,894,264,0.299,1.600
2446,65.4361,18.45865,18,2,547,920,367,-1.118,1.828
2447,64.19857,17.49861,18,2,696,913,341,-0.863,1.395
2448,64.20992,18.84674,18,2,694,983,349,0.216,1.391
2449,63.77245,19.30894,18,2,747,1024,341,-0.406,0.864
245,59.56339,18.2319,18,3,52,1108,220,-0.824,0.796
2450,64.5074,21.25805,18,2,659,1097,320,-0.339,1.221
2451,63.87147,20.45339,18,2,735,1080,308,-0.458,1.024
2452,64.54342,15.88401,18,2,654,819,282,-0.721,1.612
2453,66.11838,14.80457,18,2,465,719,188,-0.108,2.502
2454,65.20836,17.63416,18,2,574,887,408,-1.164,1.982
2455,64.43465,19.9229,18,2,667,1031,399,-0.790,1.228
2456,64.64089,17.876,18,2,643,918,351,1.022,1.750
2457,63.61553,19.82462,18,2,766,1057,257,0.053,0.967
246,59.19397,17.43894,18,3,96,1071,285,-0.929,0.894
2461,63.8262,20.1495,18,2,740,1066,332,0.664,0.914
247,59.1299,18.14261,18,3,104,1117,239,-0.601,0.800
248,58.93432,17.92358,18,3,127,1109,186,0.254,0.539
249,59.04415,18.00268,18,3,114,1111,128,0.208,0.675
2501,65.80951,23.9912,18,2,502,1179,193,0.952,1.086
2502,65.83687,23.43694,18,2,499,1151,190,0.858,0.969
2503,65.88341,22.96527,18,2,493,1126,426,-0.144,1.189
2504,65.90197,22.6116,18,2,491,1107,278,-0.280,1.095
2505,65.84931,22.31332,18,2,498,1095,285,-0.402,1.119
2506,65.69458,21.83118,18,2,516,1078,186,-1.698,2.164
2507,65.51313,21.77514,18,2,538,1083,325,-0.334,1.130
2508,65.17207,21.49879,18,2,579,1083,286,0.381,1.147
2509,65.7576,21.76374,18,2,509,1072,372,-0.490,1.348
251,59.35688,18.10454,18,3,77,1107,120,0.256,0.931
2510,65.39206,21.45077,18,2,552,1071,205,-0.515,1.121
251100,59.35698,18.1046,18,3,77,1107,120,0.256,0.931
2512,66.50505,19.67458,18,2,419,941,405,-0.152,1.456
2513,68.044,21.75469,18,2,234,976,283,-1.510,2.267
2514,66.33968,18.53652,18,2,439,892,377,-0.272,1.767
2515,65.85957,17.54373,18,2,496,860,343,-0.910,1.769
2516,66.48595,16.41673,18,2,421,785,179,0.907,2.639
2517,68.4342,18.57499,18,2,187,819,288,0.626,3.016
2518,68.42948,18.26902,18,2,188,805,189,-1.614,3.290
2519,68.43262,18.11643,18,2,188,799,268,-0.491,2.281
2520,68.14824,19.78166,18,2,222,883,28,-1.569,1.815
2521,66.76504,21.87487,18,2,388,1035,395,1.914,1.782
2522,65.58448,18.44375,18,2,529,914,394,0.730,1.859
2523,66.75348,23.87031,18,2,389,1130,389,-0.325,1.532
2525,66.19995,23.70938,18,2,456,1148,383,0.539,1.225
2526,67.7733,23.24254,18,2,267,1055,361,-0.406,1.591
2528,66.96028,19.82094,18,2,364,930,257,0.488,1.569
2529,66.36436,20.72594,18,2,436,997,415,0.145,1.725
2530,65.32655,20.73824,18,2,560,1038,397,0.096,1.164
2531,66.19946,22.14802,18,2,456,1072,387,-0.135,0.989
2532,67.15809,22.63156,18,2,341,1054,394,-0.180,1.209
2533,67.86012,19.02747,18,2,256,860,200,-1.563,4.096
2534,67.4741,18.36681,18,2,303,844,275,3.511,3.539
2535,66.95166,17.72085,18,2,365,832,346,0.129,2.796
2536,65.70871,19.31239,18,2,514,953,391,0.753,1.644
2539,65.63538,21.3548,18,2,523,1057,425,0.981,1.245
2540,66.68881,22.89922,18,2,397,1087,424,-0.073,1.093
2541,67.45409,22.0513,18,2,305,1014,392,1.427,1.799
2542,66.16889,22.80753,18,2,459,1105,360,0.056,1.136
2543,66.15222,19.98354,18,2,461,969,458,-0.146,1.387
2544,65.67301,19.95864,18,2,519,986,422,-0.716,1.468
2545,66.76056,21.02237,18,2,388,995,371,-0.969,1.593
2546,68.43015,22.5191,18,2,188,993,231,-0.253,1.435
2547,65.93131,21.29114,18,2,488,1041,418,-1.400,2.279
2548,66.32424,17.09409,18,2,441,823,231,0.302,1.819
2549,66.75991,15.88305,18,2,388,752,39,0.231,2.114
2550,67.27606,21.04867,18,2,326,975,387,0.317,1.819
2551,66.73128,16.0113,18,2,392,759,52,-0.129,2.417
2552,65.7858,20.67108,18,2,505,1017,399,-0.250,1.735
2553,66.01574,21.98351,18,2,478,1072,404,-0.201,1.435
2554,65.89413,18.36792,18,2,492,900,367,-0.432,1.277
2555,67.44146,23.48217,18,2,307,1081,396,1.181,1.399
2556,67.05215,21.19325,18,2,353,991,388,0.596,1.348
2557,66.48496,22.48294,18,2,421,1076,409,-0.718,1.736
2558,66.39659,23.6244,18,2,432,1135,379,-1.159,1.637
2559,66.02773,23.50581,18,2,476,1146,404,-0.711,1.292
2560,67.61179,21.10576,18,2,286,964,379,1.320,1.628
2561,67.66733,21.67568,18,2,279,988,393,-1.434,2.108
2566,68.12011,23.31109,18,2,225,1042,405,0.296,1.306
2567,67.01018,21.87581,18,2,358,1025,371,-0.891,1.734
2568,66.76414,22.683,18,2,388,1073,380,-0.457,1.517
2569,67.424,22.40316,18,2,309,1032,415,-0.341,1.490
257,59.70307,18.48878,18,3,35,1119,237,-0.036,0.515
2575,65.74642,23.80691,18,2,510,1173,0,,
2580,67.85654,20.29367,18,2,257,917,297,2.474,2.160
2586,65.72722,22.15152,18,2,512,1092,337,-1.048,1.366
301,59.81709,17.48843,18,3,21,1055,230,-0.196,0.662
302,59.87777,17.28482,18,3,14,1040,233,-0.459,0.665
303,59.99548,17.56706,18,3,0,1054,205,-0.202,0.760
305,60.42,17.4103,18,2,1149,1031,291,-0.278,0.588
306,60.05141,18.05399,18,2,1193,1081,279,-0.611,1.202
307,60.23655,18.29812,18,2,1171,1090,293,0.054,0.544
308,59.88074,18.17542,18,3,14,1094,240,-0.308,0.635
309,60.03803,18.4994,18,2,1195,1108,255,0.012,0.686
310,60.60235,17.45239,18,2,1127,1028,264,0.213,0.774
310100,60.60268,17.45077,18,2,1127,1027,271,-0.087,0.706
311,60.48604,17.73935,18,2,1141,1048,219,-0.587,1.107
313,59.81608,17.7549,18,3,22,1071,235,-0.272,0.773
313100,59.81606,17.75481,18,3,22,1071,235,-0.272,0.773
316,59.66158,17.26433,18,3,40,1046,251,-0.880,0.845
317,59.62309,17.38179,18,3,45,1054,269,0.368,0.920
317100,59.6229,17.38256,18,3,45,1054,269,0.368,0.920
319,59.77428,16.89506,18,3,27,1020,218,-0.424,0.672
320,60.1951,17.83397,18,2,1176,1063,269,-0.055,0.609
322,59.76167,17.79602,18,3,28,1075,260,-0.155,0.690
323,59.58524,16.99639,18,3,49,1032,239,-0.487,0.823
325,60.40186,17.87957,18,2,1151,1059,282,0.493,0.686
326,59.94895,17.65582,18,3,6,1060,208,-0.678,0.822
326100,59.94887,17.65585,18,3,6,1060,208,-0.678,0.822
327,60.04968,17.62225,18,2,1194,1055,274,-0.323,0.816
328,60.21591,17.49551,18,2,1174,1042,273,-0.724,1.020
329,60.32439,17.51135,18,2,1161,1040,277,-0.618,0.958
329100,60.32441,17.5113,18,2,1161,1040,277,-0.618,0.958
330,59.63481,16.85856,18,3,43,1022,241,-0.062,0.752
330100,59.63517,16.86082,18,3,43,1022,241,-0.062,0.752
402,58.75713,16.85329,18,3,149,1048,250,-0.392,0.727
403,58.82191,17.14962,18,3,141,1065,255,-0.067,0.613
404,59.00632,17.54102,18,3,119,1083,346,-0.438,0.666
404100,59.00724,17.54124,18,3,119,1083,346,-0.438,0.666
405,58.9081,17.33014,18,3,131,1073,249,-0.443,0.749
405100,58.90815,17.32995,18,3,131,1073,249,-0.443,0.749
406,58.83006,16.75354,18,3,140,1040,344,-0.485,1.052
409,59.05559,17.22561,18,3,113,1062,273,-0.787,0.833
410,59.08184,16.83437,18,3,110,1037,375,-0.305,0.945
410100,59.08184,16.83477,18,3,110,1037,375,-0.305,0.945
411,59.03738,16.55832,18,3,115,1022,389,0.145,0.995
412,58.90833,16.53666,18,3,131,1024,286,0.800,1.320
412100,58.90833,16.53657,18,3,131,1024,286,0.800,1.320
413,58.84261,16.19792,18,3,138,1005,310,0.010,0.781
414,59.06712,15.86829,18,3,111,978,242,-0.866,1.124
417,59.24119,16.60295,18,3,91,1018,198,0.299,0.876
417100,59.23813,16.60597,18,3,91,1019,199,0.416,0.877
418,59.40762,16.371,18,3,71,999,243,-0.068,0.732
420,59.20472,16.82301,18,3,95,1033,231,0.021,0.691
421,59.24178,17.1767,18,3,90,1054,191,-0.539,0.733
422,59.44863,17.01225,18,3,66,1037,220,0.484,0.937
423,59.36031,16.92078,18,3,76,1034,196,-0.863,0.706
424,58.95001,16.8522,18,3,125,1043,303,-0.277,0.780
425,58.74248,16.47254,18,3,150,1025,238,-0.578,0.875
426,58.69095,17.04798,18,3,157,1063,84,0.248,0.556
427,59.05229,16.22177,18,3,113,1001,227,-0.385,0.813
429,59.37887,16.78683,18,3,74,1026,137,-0.211,0.809
429100,59.38015,16.78022,18,3,74,1025,184,-0.030,0.868
523,58.67749,16.28378,18,3,158,1015,72,0.312,0.681
524,58.71628,16.16469,18,3,154,1007,225,0.399,0.756
527,58.43383,15.61933,18,3,187,981,232,-0.521,0.745
527100,58.43358,15.62289,18,3,187,981,232,-0.521,0.745
528,58.53154,16.03046,18,3,176,1004,274,-0.321,0.812
528100,58.53155,16.03036,18,3,176,1004,274,-0.321,0.812
529,58.43858,14.97674,18,3,187,940,241,-1.884,1.503
531,58.14137,16.53458,18,3,223,1047,285,-0.140,0.642
532,58.44882,16.36514,18,3,186,1027,249,-0.380,0.602
533,57.79896,15.16164,18,3,264,969,263,-0.416,0.795
534,58.24846,15.08343,18,3,210,952,214,0.050,0.548
535,57.91148,15.69264,18,3,250,1000,237,-0.211,0.850
536,58.23925,15.61917,18,3,211,986,271,0.132,0.543
537,58.30111,14.94874,18,3,203,942,228,-1.147,1.207
539,58.37349,15.81174,18,3,195,994,269,-0.444,0.705
540,58.76549,15.51887,18,3,148,965,276,-0.136,0.727
541,58.16255,16.06282,18,3,220,1016,230,0.112,0.831
542,58.5754,16.51286,18,3,170,1033,240,-0.289,0.569
543,58.69465,15.91217,18,3,156,992,381,-0.164,0.997
544,58.23123,14.69192,18,3,212,928,239,-1.898,1.881
546,58.37723,15.33283,18,3,194,964,249,-0.542,0.811
547,58.57393,14.98801,18,3,171,937,299,-1.126,1.479
548,58.49096,15.35787,18,3,181,963,240,-0.563,0.803
549,58.31747,16.47907,18,3,201,1038,273,-0.777,0.809
550,58.492,16.89748,18,3,180,1059,74,0.026,0.652
552,58.66651,16.01379,18,3,160,999,265,0.081,1.096
553,58.57303,15.28293,18,3,171,956,246,-0.038,0.926
554,58.46851,15.0498,18,3,183,944,239,-1.496,1.416
601,57.99484,14.44188,18,3,240,918,333,0.094,1.459
601100,57.99488,14.44187,18,3,240,918,333,0.094,1.459
602,57.94626,14.34147,18,3,246,913,255,1.405,1.668
604,57.38834,14.78556,18,3,313,956,229,-0.334,0.617
605,57.68915,14.15961,18,3,277,908,238,-1.010,1.110
607,57.5396,14.26726,18,3,295,918,261,0.633,0.876
611,57.75673,14.25498,18,3,269,912,219,0.284,0.845
614,57.75756,13.99871,18,3,269,896,208,-0.762,0.851
616,57.67232,13.84111,18,3,279,888,200,-0.732,0.983
616100,57.67227,13.84107,18,3,279,888,200,-0.732,0.983
617,57.82997,14.10016,18,3,260,900,223,-0.107,0.935
618,58.06883,14.52885,18,3,231,922,232,-1.109,1.774
627,57.33462,13.79289,18,3,319,893,228,0.093,0.635
630,57.16828,13.77624,18,3,339,896,220,-0.804,0.813
631,57.1845,13.97445,18,3,337,908,226,-0.330,0.754
632,57.07867,14.06288,18,3,350,917,381,0.291,1.176
633,57.23603,14.07749,18,3,331,914,224,-0.452,0.785
634,57.002,14.2728,18,3,359,932,224,-0.150,0.761
635,57.32534,14.33634,18,3,320,928,197,-0.305,0.808
636,57.21369,14.51549,18,3,334,943,240,0.034,0.686
639,57.46356,14.75434,18,3,304,952,272,-0.026,0.684
639100,57.46357,14.75419,18,3,304,952,272,-0.026,0.684
640,58.01212,14.65297,18,3,238,931,259,-0.883,1.308
641,57.65382,14.73242,18,3,281,945,237,-0.321,0.744
642,57.64397,15.06459,18,3,282,967,234,-0.180,0.679
643,57.50777,15.0023,18,3,299,967,258,-0.062,0.747
644,57.28582,15.13169,18,3,325,981,213,-0.217,0.685
645,57.67535,14.52073,18,3,278,931,200,-0.764,0.746
646,57.45602,14.09819,18,3,305,910,222,-0.633,0.823
647,57.47933,13.66306,18,3,302,881,255,-0.044,0.853
648,57.79037,14.26385,18,3,265,912,146,0.155,1.122
649,58.03265,14.95136,18,3,236,949,240,-0.660,1.006
651,57.75742,14.10719,18,3,269,903,231,-0.163,0.769
651100,57.75738,14.10714,18,3,269,903,231,-0.163,0.769
652,57.25984,13.47901,18,3,328,874,226,-0.182,0.601
653,57.75093,14.11573,18,3,269,903,231,-0.163,0.769
653100,57.75071,14.11584,18,3,269,903,231,-0.163,0.769
654,57.84756,14.8669,18,3,258,949,233,-1.005,1.220
655,57.78851,14.67848,18,3,265,938,236,-0.395,0.731
657,57.87394,13.9348,18,3,255,889,220,-0.810,1.157
702,56.75617,13.71439,18,3,389,902,231,-0.407,0.802
703,56.93932,13.99538,18,3,367,916,234,-0.500,0.851
704,56.87238,14.16355,18,3,375,928,256,-0.815,0.808
705,56.5512,14.05709,18,3,413,929,239,-0.262,0.556
706,56.5178,14.55003,18,3,417,963,275,-0.020,0.629
707,56.71193,14.43481,18,3,394,950,228,-1.067,0.863
708,56.82573,14.69168,18,3,380,964,249,-0.024,0.634
709,56.89818,14.71286,18,3,372,964,285,0.311,0.787
710,57.09455,14.63957,18,3,348,954,305,-0.140,0.792
7101,56.02482,12.72302,18,3,477,853,8,1.962,1.172
7102,55.61158,13.01448,18,3,526,882,5,1.088,0.792
7103,55.36937,13.15882,18,3,555,897,16,1.399,1.085
712,56.81089,14.8829,18,3,382,977,276,-0.477,0.825
714,56.9566,14.94066,18,3,365,977,247,-0.049,0.699
715,57.12038,15.24502,18,3,345,993,220,-0.047,0.868
716,56.61594,13.76299,18,3,406,908,247,0.211,0.636
717,56.54841,14.95516,18,3,414,989,339,-0.013,0.824
718,56.79012,15.13831,18,3,385,994,257,-0.556,0.703
719,56.55308,15.2667,18,3,413,1009,247,-0.179,0.544
720,56.92254,14.54612,18,3,369,952,254,-0.443,0.969
721,56.38469,14.90223,18,3,433,990,225,-0.514,0.710
722,56.50588,13.6529,18,3,419,904,228,0.128,0.435
722100,56.50421,13.65241,18,3,419,904,228,0.128,0.435
723,57.00413,15.27145,18,3,359,997,225,-0.238,0.796
7301,57.76393,14.17775,18,3,268,907,237,-0.213,1.341
7501,60.68384,17.14719,18,2,1117,1007,145,0.079,0.898
7502,60.47459,15.41958,18,2,1143,911,252,-0.668,1.178
7503,59.5959,16.50864,18,3,48,1002,27,0.309,1.165
7504,59.06042,15.05991,18,3,112,929,184,-0.203,0.709
7601,62.52549,15.64424,18,2,896,866,305,-0.144,1.588
802,56.56934,16.61841,18,3,411,1098,97,-0.389,0.679
804,56.76099,16.55952,18,3,388,1089,67,1.504,1.336
805,57.33878,17.01562,18,3,319,1101,0,,
806,56.63826,16.21562,18,3,403,1070,129,-0.113,0.638
807,56.53142,16.08381,18,3,416,1064,252,0.093,0.670
809,56.50224,15.6034,18,3,419,1033,227,0.146,0.729
811,56.68526,16.1503,18,3,397,1064,272,-0.065,0.589
812,56.73684,15.51939,18,3,391,1021,230,-0.348,0.673
813,56.9071,15.5462,18,3,371,1018,235,-0.715,0.566
814,56.78152,16.3394,18,3,386,1074,142,-0.282,0.732
815,56.92821,15.9295,18,3,368,1043,258,0.697,0.593
816,57.12576,16.48495,18,3,344,1073,68,0.318,0.707
817,57.04218,16.24542,18,3,354,1060,266,-0.562,0.561
818,57.14977,15.60767,18,3,342,1015,297,0.254,0.699
819,57.29442,15.5674,18,3,324,1009,270,-0.139,0.597
819100,57.29443,15.56741,18,3,324,1009,270,-0.139,0.597
821,57.262,16.08126,18,3,328,1043,254,-0.452,0.546
822,57.29351,16.45862,18,3,324,1067,108,0.560,0.617
823,57.60982,16.47321,18,3,286,1058,237,-0.075,0.631
826,57.63533,15.62516,18,3,283,1003,216,-0.019,0.710
827,57.42323,15.82524,18,3,309,1022,262,0.030,0.522
828,58.05519,16.20318,18,3,233,1028,268,0.172,0.649
829,58.00814,16.49526,18,3,239,1048,180,-0.158,0.755
832,56.66693,16.46101,18,3,399,1085,0,,
833,56.72643,15.91562,18,3,392,1047,250,-0.165,0.540
834,57.67282,15.83667,18,3,279,1016,222,-0.579,0.828
835,57.40869,15.57707,18,3,310,1006,238,-0.195,0.688
836,57.80555,16.50226,18,3,263,1055,236,0.536,0.846
837,56.88985,16.7322,18,3,373,1096,60,0.794,1.316
838,56.32072,16.40657,18,3,441,1091,0,,
839,57.69671,16.28228,18,3,276,1044,350,0.385,0.687
840,57.90735,16.71417,18,3,251,1065,132,-0.054,0.911
903,57.54391,18.4252,18,3,294,1186,203,-0.426,0.710
903100,57.54362,18.42533,18,3,294,1186,203,-0.426,0.710
904,57.4284,18.82076,19,3,308,15,73,0.459,0.851
905,57.1313,18.28024,18,3,344,1190,156,0.167,0.632
906,57.3321,18.37971,18,3,320,1190,198,0.255,0.619
907,57.63388,18.53916,18,3,283,1190,205,0.056,0.459
907100,57.63393,18.53907,18,3,283,1190,205,0.056,0.459
909,57.83317,18.91674,19,3,260,8,178,0.111,0.547
910,57.62329,18.27452,18,3,285,1174,30,1.521,1.548
910100,57.62549,18.27346,18,3,284,1174,40,1.721,1.735
911,57.76062,18.46715,18,3,268,1182,139,0.345,0.711
912,57.58913,18.7465,19,3,289,5,148,-0.375,0.721
913,57.32709,18.61617,19,3,320,5,189,-0.053,0.643
914,57.9576,19.23691,19,3,245,24,41,-0.113,0.773
